{
  "MOSA": {
    "bot_notes": {
      "n_notes_mean": 844.1,
      "n_notes_std": 99.01863460985513,
      "midi_low_mean": 55.9,
      "midi_low_std": 0.3,
      "midi_high_mean": 89.2,
      "midi_high_std": 3.6,
      "midi_span_mean": 33.3,
      "midi_span_std": 3.9,
      "pct_above_c6_mean": 3.9024029822965267,
      "pct_above_c6_std": 4.046704024519575,
      "pct_below_g3_mean": 0.0,
      "pct_below_g3_std": 0.0,
      "median_dur_mean": 0.1551481670000019,
      "median_dur_std": 0.03910867789799388,
      "notes_per_sec_mean": 6.023424352871541,
      "notes_per_sec_std": 0.7067957827557938,
      "peak_onset_density_mean": 11.7,
      "peak_onset_density_std": 4.754997371187496,
      "_n": 10
    },
    "top_notes": {
      "n_notes_mean": 244.8,
      "n_notes_std": 62.202572294077996,
      "midi_low_mean": 58.0,
      "midi_low_std": 2.449489742783178,
      "midi_high_mean": 92.1,
      "midi_high_std": 5.185556864985669,
      "midi_span_mean": 34.1,
      "midi_span_std": 6.729784543356496,
      "pct_above_c6_mean": 11.286409242595221,
      "pct_above_c6_std": 4.937153293938408,
      "pct_below_g3_mean": 0.0,
      "pct_below_g3_std": 0.0,
      "median_dur_mean": 0.3444700000000006,
      "median_dur_std": 0.09735051155489512,
      "notes_per_sec_mean": 1.9277869277743622,
      "notes_per_sec_std": 0.695811719829034,
      "peak_onset_density_mean": 6.2,
      "peak_onset_density_std": 2.481934729198171,
      "_n": 10
    },
    "bot_frames": {
      "n_recordings": 10,
      "n_frames": 110239,
      "mean_true_hz": 614.333894799393,
      "median_true_hz": 554.0,
      "mean_abs_cents": 100.57023373870499,
      "frac_err_gt_50": 0.21712823955224558,
      "frac_err_gt_100": 0.18702092725804842,
      "frac_err_gt_1200": 0.006005134299113744
    },
    "top_frames": {
      "n_recordings": 10,
      "n_frames": 97233,
      "mean_true_hz": 689.95988517288,
      "median_true_hz": 659.0,
      "mean_abs_cents": 30.93640505143036,
      "frac_err_gt_50": 0.07619841000483375,
      "frac_err_gt_100": 0.05550584678041406,
      "frac_err_gt_1200": 0.0029105344893194697
    },
    "bottom_files": [
      "ba3_yv02_t1.wav",
      "ba4_yv08_t1.wav",
      "ba3_yv02_t2.wav",
      "ba3_yv02_t3.wav",
      "ba3_ev04_t1.wav",
      "ba4_yv08_t2.wav",
      "ba3_ev03_t1.wav",
      "ba4_yv08_t3.wav",
      "ba3_ev03_t2.wav",
      "me4_yv05_t1.wav"
    ],
    "top_files": [
      "de2_ev01_t1.wav",
      "el1_yv02_t1.wav",
      "de2_ev01_t2.wav",
      "el1_yv02_t2.wav",
      "el1_yv02_t3.wav",
      "de2_yv09_t2.wav",
      "be7_yv05_t1.wav",
      "de2_yv09_t1.wav",
      "be8_yv07_t3.wav",
      "be8_yv07_t2.wav"
    ]
  },
  "MusicNet": {
    "bot_notes": {
      "n_notes_mean": 2422.0,
      "n_notes_std": 971.0344999020375,
      "midi_low_mean": 54.8,
      "midi_low_std": 0.9797958971132711,
      "midi_high_mean": 92.0,
      "midi_high_std": 2.9664793948382653,
      "midi_span_mean": 37.2,
      "midi_span_std": 2.8565713714171403,
      "pct_above_c6_mean": 6.525315231786799,
      "pct_above_c6_std": 4.291390985064621,
      "pct_below_g3_mean": 0.003570153516601214,
      "pct_below_g3_std": 0.010710460549803642,
      "median_dur_mean": 0.20781632653060686,
      "median_dur_std": 0.13047275007542383,
      "notes_per_sec_mean": 5.269193598591476,
      "notes_per_sec_std": 1.822206722502003,
      "peak_onset_density_mean": 20.8,
      "peak_onset_density_std": 6.273754856543249,
      "_n": 10
    },
    "top_notes": {
      "n_notes_mean": 2169.5,
      "n_notes_std": 974.2008263186806,
      "midi_low_mean": 54.9,
      "midi_low_std": 1.0440306508910548,
      "midi_high_mean": 91.1,
      "midi_high_std": 2.662705391138869,
      "midi_span_mean": 36.2,
      "midi_span_std": 2.749545416973504,
      "pct_above_c6_mean": 5.506188793076062,
      "pct_above_c6_std": 4.0116956162605355,
      "pct_below_g3_mean": 0.003570153516601214,
      "pct_below_g3_std": 0.010710460549803642,
      "median_dur_mean": 0.21130158730158347,
      "median_dur_std": 0.12873993892284444,
      "notes_per_sec_mean": 4.7687389912822296,
      "notes_per_sec_std": 1.943506825721339,
      "peak_onset_density_mean": 19.1,
      "peak_onset_density_std": 6.655073252789935,
      "_n": 10
    },
    "bot_frames": {
      "n_recordings": 10,
      "n_frames": 78720,
      "mean_true_hz": 664.8926270345362,
      "median_true_hz": 587.0,
      "mean_abs_cents": 822.2474114506293,
      "frac_err_gt_50": 0.7424161585365854,
      "frac_err_gt_100": 0.7115345528455285,
      "frac_err_gt_1200": 0.2703633130081301
    },
    "top_frames": {
      "n_recordings": 10,
      "n_frames": 83226,
      "mean_true_hz": 654.0312181249606,
      "median_true_hz": 587.0,
      "mean_abs_cents": 746.5165608768854,
      "frac_err_gt_50": 0.6414461826832961,
      "frac_err_gt_100": 0.6177516641434168,
      "frac_err_gt_1200": 0.23942037344099198
    },
    "bottom_files": [
      "2147.wav",
      "2466.wav",
      "2621.wav",
      "1788.wav",
      "2622.wav",
      "1791.wav",
      "1793.wav",
      "1792.wav",
      "1789.wav",
      "1790.wav"
    ],
    "top_files": [
      "2462.wav",
      "2463.wav",
      "1790.wav",
      "1789.wav",
      "1792.wav",
      "1793.wav",
      "1791.wav",
      "2622.wav",
      "1788.wav",
      "2621.wav"
    ]
  },
  "Bach10": {
    "bot_notes": {
      "n_notes_mean": 61.6,
      "n_notes_std": 15.107613974417005,
      "midi_low_mean": 62.6,
      "midi_low_std": 2.5768197453450252,
      "midi_high_mean": 80.4,
      "midi_high_std": 3.826225293941798,
      "midi_span_mean": 17.8,
      "midi_span_std": 3.919183588453085,
      "pct_above_c6_mean": 0.0,
      "pct_above_c6_std": 0.0,
      "pct_below_g3_mean": 0.0,
      "pct_below_g3_std": 0.0,
      "median_dur_mean": 0.3945,
      "median_dur_std": 0.09004026876903493,
      "notes_per_sec_mean": 1.8458258934148148,
      "notes_per_sec_std": 0.32119815632732673,
      "peak_onset_density_mean": 6.9,
      "peak_onset_density_std": 1.5132745950421558,
      "_n": 10
    },
    "top_notes": {
      "n_notes_mean": 61.6,
      "n_notes_std": 15.107613974417006,
      "midi_low_mean": 62.6,
      "midi_low_std": 2.5768197453450252,
      "midi_high_mean": 80.4,
      "midi_high_std": 3.8262252939417984,
      "midi_span_mean": 17.8,
      "midi_span_std": 3.9191835884530852,
      "pct_above_c6_mean": 0.0,
      "pct_above_c6_std": 0.0,
      "pct_below_g3_mean": 0.0,
      "pct_below_g3_std": 0.0,
      "median_dur_mean": 0.3945,
      "median_dur_std": 0.09004026876903494,
      "notes_per_sec_mean": 1.8458258934148142,
      "notes_per_sec_std": 0.32119815632732673,
      "peak_onset_density_mean": 6.9,
      "peak_onset_density_std": 1.5132745950421558,
      "_n": 10
    },
    "bot_frames": {
      "n_recordings": 10,
      "n_frames": 28832,
      "mean_true_hz": 478.23667421139834,
      "median_true_hz": 465.0,
      "mean_abs_cents": 16.194291729685006,
      "frac_err_gt_50": 0.018867924528301886,
      "frac_err_gt_100": 0.009815482796892342,
      "frac_err_gt_1200": 0.0006243063263041066
    },
    "top_frames": {
      "n_recordings": 10,
      "n_frames": 28832,
      "mean_true_hz": 478.23667421139834,
      "median_true_hz": 465.0,
      "mean_abs_cents": 16.194291729685006,
      "frac_err_gt_50": 0.018867924528301886,
      "frac_err_gt_100": 0.009815482796892342,
      "frac_err_gt_1200": 0.0006243063263041066
    },
    "bottom_files": [
      "02-AchLiebenChristen-violin.wav",
      "06-DieSonne-violin.wav",
      "09-Jesus-violin.wav",
      "08-FuerDeinenThron-violin.wav",
      "01-AchGottundHerr-violin.wav",
      "04-ChristeDuBeistand-violin.wav",
      "03-ChristederdubistTagundLicht-violin.wav",
      "10-NunBitten-violin.wav",
      "05-DieNacht-violin.wav",
      "07-HerrGott-violin.wav"
    ],